{
  "colors": [
    {
      "color": {
        "components": {
          "alpha": "1.000",
          "blue": "1.00000000000000",
          "green": "1.00000000000000",
          "red": "1.00000000000000"
        },
        "color-space": "srgb"
      },
      "idiom": "universal"
    },
    {
      "color": {
        "components": {
          "alpha": "1.000",
          "blue": "0.00000000000000",
          "green": "0.00000000000000",
          "red": "0.00000000000000"
        },
        "color-space": "srgb"
      },
      "idiom": "universal",
      "appearances": [
        {
          "appearance": "luminosity",
          "value": "dark"
        }
      ]
    }
  ],
  "info": {
    "version": 1,
    "author": "expo"
  }
}