{
  "expo": {
    "name": "mobile",
    "slug": "mobile",
    "version": "1.0.0",
    "orientation": "portrait",
    "icon": "./assets/images/icon.png",
    "scheme": "mobile",
    "userInterfaceStyle": "automatic",
    "newArchEnabled": true,
    "ios": {
      "supportsTablet": true,
      "bundleIdentifier": "com.anonymous.mobile"
    },
    "android": {
      "adaptiveIcon": {
        "backgroundColor": "#E6F4FE",
        "foregroundImage": "./assets/images/android-icon-foreground.png",
        "backgroundImage": "./assets/images/android-icon-background.png",
        "monochromeImage": "./assets/images/android-icon-monochrome.png"
      },
      "edgeToEdgeEnabled": true,
      "predictiveBackGestureEnabled": false,
      "package": "com.anonymous.mobile"
    },
    "web": {
      "output": "static",
      "favicon": "./assets/images/favicon.png"
    },
    "plugins": [
      "expo-router",
      [
        "expo-splash-screen",
        {
          "image": "./assets/images/splash-icon.png",
          "imageWidth": 200,
          "resizeMode": "contain",
          "backgroundColor": "#ffffff",
          "dark": {
            "backgroundColor": "#000000"
          }
        }
      ]
    ],
    "experiments": {
      "typedRoutes": true,
      "reactCompiler": true
    }
  }
}
